This is the list from Dias et al. on which Brad's data were based.,,,,,,,,,,,,
 Order ,Family fixed,Family (original),Scientific name fixed,Scientific name (original),fixed?,Common name ,2018 IUCN Red List Category ,Pelagic / coastal ,Group ,notes,genus/family,n_spp
Charadriiformes ,Alcidae ,Alcidae ,Aethia cristatella ,Aethia cristatella ,FALSE,Crested Auklet ,LC ,Pelagic ,auks ,,auks (Alcidae),24
Charadriiformes ,Alcidae ,Alcidae ,Aethia psittacula ,Aethia psittacula ,FALSE,Parakeet Auklet ,LC ,Pelagic ,auks ,,penguins (Spheniscidae),18
Charadriiformes ,Alcidae ,Alcidae ,Aethia pusilla ,Aethia pusilla ,FALSE,Least Auklet ,LC ,Pelagic ,auks ,,albatrosses (Diomedeidae),22
Charadriiformes ,Alcidae ,Alcidae ,Aethia pygmaea ,Aethia pygmaea ,FALSE,Whiskered Auklet ,LC ,Pelagic ,auks ,,"frigatebirds and tropicbirds (Fregatidae, Phaethontidae)",8
Charadriiformes ,Alcidae ,Alcidae ,Alca torda ,Alca torda ,FALSE,Razorbill ,NT ,Pelagic ,auks ,,"gadfly petrels (Procellariidae: 38 species in Pseudobulweria, Pterodroma)",38
Charadriiformes ,Alcidae ,Alcidae ,Alle alle ,Alle alle ,FALSE,Little Auk ,LC ,Pelagic ,auks ,,"large petrels and shearwaters (Procellariidae, 38 species)",38
Charadriiformes ,Laridae ,Laridae ,Anous albivitta ,Anous albivitta ,FALSE,Grey Noddy ,LC ,Coastal ,terns ,,"small petrels (Procellaridae, 18 species)",18
Charadriiformes ,Laridae ,Laridae ,Anous cerulea ,Anous cerulea ,FALSE,Blue Noddy ,LC ,Coastal ,terns ,,"storm-petrels (Oceanitidae, Hydrobatidae)",24
Charadriiformes ,Laridae ,Laridae ,Anous minutus ,Anous minutus ,FALSE,Black Noddy ,LC ,Coastal ,terns ,genus Anous not included in spp traits so no direct match,"cormorants and pelicans (Pelecanidae, Phalacrocoracidae) ",33
Charadriiformes ,Laridae ,Laridae ,Anous stolidus ,Anous stolidus ,FALSE,Brown Noddy ,LC ,Coastal ,terns ,genus Anous not included in spp traits so no direct match,gannets and boobies (Sulidae),10
Charadriiformes ,Laridae ,Laridae ,Anous tenuirostris ,Anous tenuirostris ,FALSE,Lesser Noddy ,LC ,Coastal ,terns ,genus Anous not included in spp traits so no direct match,skuas (Stercorariidae),7
Procellariiformes ,Procellariidae ,Procellariidae ,Aphrodroma brevirostris ,Aphrodroma brevirostris ,FALSE,Kerguelen Petrel ,LC ,Pelagic ,small petrels ,,"gulls (Laridae, 47 species)",47
Sphenisciformes ,Spheniscidae ,Spheniscidae ,Aptenodytes forsteri ,Aptenodytes forsteri ,FALSE,Emperor Penguin ,NT ,Pelagic ,penguins ,,"terns (Laridae, 40 species)",40
Sphenisciformes ,Spheniscidae ,Spheniscidae ,Aptenodytes patagonicus ,Aptenodytes patagonicus ,FALSE,King Penguin ,LC ,Pelagic ,penguins ,,"sea ducks and allies (Anatidae, Gaviidae, Podicipedidae)",30
Anseriformes ,Anatidae ,Anatidae ,Aythya marila ,Aythya marila ,FALSE,Greater Scaup ,LC ,Coastal ,sea ducks and allies ,,phalaropes (Scolopacidae),2
Charadriiformes ,Alcidae ,Alcidae ,Brachyramphus brevirostris ,Brachyramphus brevirostris ,FALSE,Kittlitz's Murrelet ,NT ,Pelagic ,auks ,,,total = 359
Charadriiformes ,Alcidae ,Alcidae ,Brachyramphus marmoratus ,Brachyramphus marmoratus ,FALSE,Marbled Murrelet ,EN ,Pelagic ,auks ,,,
Charadriiformes ,Alcidae ,Alcidae ,Brachyramphus perdix ,Brachyramphus perdix ,FALSE,Long-billed Murrelet ,NT ,Pelagic ,auks ,,,
Anseriformes ,Anatidae ,Anatidae ,Bucephala clangula ,Bucephala clangula ,FALSE,Common Goldeneye ,LC ,Coastal ,sea ducks and allies ,"WoRMS considers freshwater, not marine",,
Anseriformes ,Anatidae ,Anatidae ,Bucephala islandica ,Bucephala islandica ,FALSE,Barrow's Goldeneye ,LC ,Coastal ,sea ducks and allies ,"WoRMS considers freshwater, not marine",,
Procellariiformes ,Procellariidae ,Procellariidae ,Bulweria bulwerii ,Bulweria bulwerii ,FALSE,Bulwer's Petrel ,LC ,Pelagic ,small petrels ,,,
Procellariiformes ,Procellariidae ,Procellariidae ,Bulweria fallax ,Bulweria fallax ,FALSE,Jouanin's Petrel ,NT ,Pelagic ,small petrels ,,,
Procellariiformes ,Procellariidae ,Procellariidae ,Calonectris borealis ,Calonectris borealis ,FALSE,Cory's Shearwater ,LC ,Pelagic ,large petrels and shearwaters ,,,
Procellariiformes ,Procellariidae ,Procellariidae ,Calonectris diomedea ,Calonectris diomedea ,FALSE,Scopoli's Shearwater ,LC ,Pelagic ,large petrels and shearwaters ,,,
Procellariiformes ,Procellariidae ,Procellariidae ,Calonectris edwardsii ,Calonectris edwardsii ,FALSE,Cape Verde Shearwater ,NT ,Pelagic ,large petrels and shearwaters ,,,
Procellariiformes ,Procellariidae ,Procellariidae ,Calonectris leucomelas ,Calonectris leucomelas ,FALSE,Streaked Shearwater ,NT ,Pelagic ,large petrels and shearwaters ,,,
Charadriiformes ,Stercorariidae ,Stercorariidae ,Stercorarius antarcticus,Catharacta antarctica ,TRUE,Brown Skua ,LC ,Pelagic ,skuas ,,,
Charadriiformes ,Stercorariidae ,Stercorariidae ,Stercorarius chilensis,Catharacta chilensis ,TRUE,Chilean Skua ,LC ,Pelagic ,skuas ,,,
Charadriiformes ,Stercorariidae ,Stercorariidae ,Stercorarius maccormicki ,Catharacta maccormicki ,TRUE,South Polar Skua ,LC ,Pelagic ,skuas ,,,
Charadriiformes ,Stercorariidae ,Stercorariidae ,Stercorarius skua,Catharacta skua ,TRUE,Great Skua ,LC ,Pelagic ,skuas ,,,
Charadriiformes ,Alcidae ,Alcidae ,Cepphus carbo ,Cepphus carbo ,FALSE,Spectacled Guillemot ,LC ,Pelagic ,auks ,,,
Charadriiformes ,Alcidae ,Alcidae ,Cepphus columba ,Cepphus columba ,FALSE,Pigeon Guillemot ,LC ,Pelagic ,auks ,,,
Charadriiformes ,Alcidae ,Alcidae ,Cepphus grylle ,Cepphus grylle ,FALSE,Black Guillemot ,LC ,Pelagic ,auks ,,,
Charadriiformes ,Alcidae ,Alcidae ,Cerorhinca monocerata ,Cerorhinca monocerata ,FALSE,Rhinoceros Auklet ,LC ,Pelagic ,auks ,,,
Charadriiformes ,Laridae ,Laridae ,Chlidonias albostriatus ,Chlidonias albostriatus ,FALSE,Black-fronted Tern ,EN ,Coastal ,terns ,,,
Charadriiformes ,Laridae ,Laridae ,Chlidonias niger ,Chlidonias niger ,FALSE,Black Tern ,LC ,Coastal ,terns ,,,
Anseriformes ,Anatidae ,Anatidae ,Clangula hyemalis ,Clangula hyemalis ,FALSE,Long-tailed Duck ,VU ,Coastal ,sea ducks and allies ,,,
Charadriiformes ,Laridae ,Laridae ,Creagrus furcatus ,Creagrus furcatus ,FALSE,Swallow-tailed Gull ,LC ,Coastal ,gulls ,,,
Procellariiformes ,Procellariidae ,Procellariidae ,Daption capense ,Daption capense ,FALSE,Cape Petrel ,LC ,Pelagic ,small petrels ,,,
Procellariiformes ,Diomedeidae ,Diomedeidae ,Diomedea exulans,Diomedea amsterdamensis ,TRUE,Amsterdam Albatross ,EN ,Pelagic ,albatrosses ,subspecies,,
Procellariiformes ,Diomedeidae ,Diomedeidae ,Diomedea antipodensis ,Diomedea antipodensis ,FALSE,Antipodean Albatross ,EN ,Pelagic ,albatrosses ,,,
Procellariiformes ,Diomedeidae ,Diomedeidae ,Diomedea dabbenena ,Diomedea dabbenena ,FALSE,Tristan Albatross ,CR ,Pelagic ,albatrosses ,,,
Procellariiformes ,Diomedeidae ,Diomedeidae ,Diomedea epomophora ,Diomedea epomophora ,FALSE,Southern Royal Albatross ,VU ,Pelagic ,albatrosses ,,,
Procellariiformes ,Diomedeidae ,Diomedeidae ,Diomedea exulans ,Diomedea exulans ,FALSE,Wandering Albatross ,VU ,Pelagic ,albatrosses ,,,
Procellariiformes ,Diomedeidae ,Diomedeidae ,Diomedea sanfordi ,Diomedea sanfordi ,FALSE,Northern Royal Albatross ,EN ,Pelagic ,albatrosses ,,,
Sphenisciformes ,Spheniscidae ,Spheniscidae ,Eudyptes chrysocome ,Eudyptes chrysocome ,FALSE,Southern Rockhopper Penguin ,VU ,Pelagic ,penguins ,,,
Sphenisciformes ,Spheniscidae ,Spheniscidae ,Eudyptes chrysolophus ,Eudyptes chrysolophus ,FALSE,Macaroni Penguin ,VU ,Pelagic ,penguins ,,,
Sphenisciformes ,Spheniscidae ,Spheniscidae ,Eudyptes moseleyi ,Eudyptes moseleyi ,FALSE,Northern Rockhopper Penguin ,EN ,Pelagic ,penguins ,,,
Sphenisciformes ,Spheniscidae ,Spheniscidae ,Eudyptes pachyrhynchus ,Eudyptes pachyrhynchus ,FALSE,Fiordland Penguin ,VU ,Pelagic ,penguins ,,,
Sphenisciformes ,Spheniscidae ,Spheniscidae ,Eudyptes robustus ,Eudyptes robustus ,FALSE,Snares Penguin ,VU ,Pelagic ,penguins ,,,
Sphenisciformes ,Spheniscidae ,Spheniscidae ,Eudyptes schlegeli ,Eudyptes schlegeli ,FALSE,Royal Penguin ,NT ,Pelagic ,penguins ,,,
Sphenisciformes ,Spheniscidae ,Spheniscidae ,Eudyptes sclateri ,Eudyptes sclateri ,FALSE,Erect-crested Penguin ,EN ,Pelagic ,penguins ,,,
Sphenisciformes ,Spheniscidae ,Spheniscidae ,Eudyptula minor ,Eudyptula minor ,FALSE,Little Penguin ,LC ,Pelagic ,penguins ,,,
Charadriiformes ,Alcidae ,Alcidae ,Fratercula arctica ,Fratercula arctica ,FALSE,Atlantic Puffin ,VU ,Pelagic ,auks ,,,
Charadriiformes ,Alcidae ,Alcidae ,Fratercula cirrhata ,Fratercula cirrhata ,FALSE,Tufted Puffin ,LC ,Pelagic ,auks ,,,
Charadriiformes ,Alcidae ,Alcidae ,Fratercula corniculata ,Fratercula corniculata ,FALSE,Horned Puffin ,LC ,Pelagic ,auks ,,,
Suliformes ,Fregatidae ,Fregatidae ,Fregata andrewsi ,Fregata andrewsi ,FALSE,Christmas Frigatebird ,CR ,Pelagic ,frigatebirds and tropicbirds ,,,
Suliformes ,Fregatidae ,Fregatidae ,Fregata aquila ,Fregata aquila ,FALSE,Ascension Frigatebird ,VU ,Pelagic ,frigatebirds and tropicbirds ,,,
Suliformes ,Fregatidae ,Fregatidae ,Fregata ariel ,Fregata ariel ,FALSE,Lesser Frigatebird ,LC ,Pelagic ,frigatebirds and tropicbirds ,,,
Suliformes ,Fregatidae ,Fregatidae ,Fregata magnificens ,Fregata magnificens ,FALSE,Magnificent Frigatebird ,LC ,Pelagic ,frigatebirds and tropicbirds ,,,
Suliformes ,Fregatidae ,Fregatidae ,Fregata minor ,Fregata minor ,FALSE,Great Frigatebird ,LC ,Pelagic ,frigatebirds and tropicbirds ,,,
Procellariiformes ,Hydrobatidae ,Oceanitidae ,Fregetta grallaria ,Fregetta grallaria ,TRUE,White-bellied Storm-petrel ,LC ,Pelagic ,storm-petrels ,,,
Procellariiformes ,Hydrobatidae ,Oceanitidae ,Fregetta maoriana ,Fregetta maoriana ,TRUE,New Zealand Storm-petrel ,CR ,Pelagic ,storm-petrels ,,,
Procellariiformes ,Hydrobatidae ,Oceanitidae ,Fregetta tropica ,Fregetta tropica ,TRUE,Black-bellied Storm-petrel ,LC ,Pelagic ,storm-petrels ,,,
Procellariiformes ,Procellariidae ,Procellariidae ,Fulmarus glacialis ,Fulmarus glacialis ,FALSE,Northern Fulmar ,LC ,Pelagic ,large petrels and shearwaters ,,,
Procellariiformes ,Procellariidae ,Procellariidae ,Fulmarus glacialoides ,Fulmarus glacialoides ,FALSE,Southern Fulmar ,LC ,Pelagic ,large petrels and shearwaters ,,,
Procellariiformes ,Hydrobatidae ,Oceanitidae ,Garrodia nereis ,Garrodia nereis ,TRUE,Grey-backed Storm-petrel ,LC ,Pelagic ,storm-petrels ,,,
Gaviiformes ,Gaviidae ,Gaviidae ,Gavia adamsii ,Gavia adamsii ,FALSE,Yellow-billed Loon ,NT ,Coastal ,sea ducks and allies ,,,
Gaviiformes ,Gaviidae ,Gaviidae ,Gavia arctica ,Gavia arctica ,FALSE,Arctic Loon ,LC ,Coastal ,sea ducks and allies ,,,
Gaviiformes ,Gaviidae ,Gaviidae ,Gavia immer ,Gavia immer ,FALSE,Common Loon ,LC ,Coastal ,sea ducks and allies ,,,
Gaviiformes ,Gaviidae ,Gaviidae ,Gavia pacifica ,Gavia pacifica ,FALSE,Pacific Loon ,LC ,Coastal ,sea ducks and allies ,,,
Gaviiformes ,Gaviidae ,Gaviidae ,Gavia stellata ,Gavia stellata ,FALSE,Red-throated Loon ,LC ,Coastal ,sea ducks and allies ,,,
Charadriiformes ,Laridae ,Laridae ,Gelochelidon nilotica,Gelochelidon macrotarsa ,TRUE,Australian Gull-billed Tern ,LC ,Coastal ,terns ,subspecies,,
Charadriiformes ,Laridae ,Laridae ,Gelochelidon nilotica ,Gelochelidon nilotica ,FALSE,Common Gull-billed Tern ,LC ,Coastal ,terns ,,,
Charadriiformes ,Laridae ,Laridae ,Gygis alba ,Gygis alba ,FALSE,Common White Tern ,LC ,Coastal ,terns ,genus Gygis not included in spp traits so no direct match,,
Charadriiformes ,Laridae ,Laridae ,Gygis alba,Gygis microrhyncha ,TRUE,Little White Tern ,LC ,Coastal ,terns ,subspecies of alba,,
Procellariiformes ,Procellariidae ,Procellariidae ,Halobaena caerulea ,Halobaena caerulea ,FALSE,Blue Petrel ,LC ,Pelagic ,small petrels ,,,
Anseriformes ,Anatidae ,Anatidae ,Histrionicus histrionicus ,Histrionicus histrionicus ,FALSE,Harlequin Duck ,LC ,Coastal ,sea ducks and allies ,,,
Procellariiformes ,Hydrobatidae ,Hydrobatidae ,Hydrobates furcatus ,Hydrobates furcatus ,FALSE,Fork-tailed Storm-petrel ,LC ,Pelagic ,storm-petrels ,,,
Procellariiformes ,Hydrobatidae ,Hydrobatidae ,Hydrobates pelagicus ,Hydrobates pelagicus ,FALSE,European Storm-petrel ,LC ,Pelagic ,storm-petrels ,,,
Charadriiformes ,Laridae ,Laridae ,Hydrocoloeus minutus ,Hydrocoloeus minutus ,FALSE,Little Gull ,LC ,Coastal ,gulls ,,,
Charadriiformes ,Laridae ,Laridae ,Hydroprogne caspia ,Hydroprogne caspia ,FALSE,Caspian Tern ,LC ,Coastal ,terns ,,,
Charadriiformes ,Laridae ,Laridae ,Larosterna inca ,Larosterna inca ,FALSE,Inca Tern ,NT ,Coastal ,terns ,,,
Charadriiformes ,Laridae ,Laridae ,Larus argentatus ,Larus argentatus ,FALSE,European Herring Gull ,LC ,Coastal ,gulls ,,,
Charadriiformes ,Laridae ,Laridae ,Larus atlanticus ,Larus atlanticus ,FALSE,Olrog's Gull ,NT ,Coastal ,gulls ,,,
Charadriiformes ,Laridae ,Laridae ,Larus atricilla ,Larus atricilla ,FALSE,Laughing Gull ,LC ,Coastal ,gulls ,,,
Charadriiformes ,Laridae ,Laridae ,Larus audouinii ,Larus audouinii ,FALSE,Audouin's Gull ,LC ,Coastal ,gulls ,,,
Charadriiformes ,Laridae ,Laridae ,Larus belcheri ,Larus belcheri ,FALSE,Belcher's Gull ,LC ,Coastal ,gulls ,,,
Charadriiformes ,Laridae ,Laridae ,Larus brunnicephalus ,Larus brunnicephalus ,FALSE,Brown-headed Gull ,LC ,Coastal ,gulls ,,,
Charadriiformes ,Laridae ,Laridae ,Larus cachinnans ,Larus cachinnans ,FALSE,Caspian Gull ,LC ,Coastal ,gulls ,,,
Charadriiformes ,Laridae ,Laridae ,Larus californicus ,Larus californicus ,FALSE,California Gull ,LC ,Coastal ,gulls ,,,
Charadriiformes ,Laridae ,Laridae ,Larus canus ,Larus canus ,FALSE,Mew Gull ,LC ,Coastal ,gulls ,,,
Charadriiformes ,Laridae ,Laridae ,Larus cirrocephalus ,Larus cirrocephalus ,FALSE,Grey-headed Gull ,LC ,Coastal ,gulls ,,,
Charadriiformes ,Laridae ,Laridae ,Larus crassirostris ,Larus crassirostris ,FALSE,Black-tailed Gull ,LC ,Coastal ,gulls ,,,
Charadriiformes ,Laridae ,Laridae ,Larus delawarensis ,Larus delawarensis ,FALSE,Ring-billed Gull ,LC ,Coastal ,gulls ,,,
Charadriiformes ,Laridae ,Laridae ,Larus dominicanus ,Larus dominicanus ,FALSE,Kelp Gull ,LC ,Coastal ,gulls ,,,
Charadriiformes ,Laridae ,Laridae ,Larus fuliginosus ,Larus fuliginosus ,FALSE,Lava Gull ,VU ,Coastal ,gulls ,,,
Charadriiformes ,Laridae ,Laridae ,Larus fuscus ,Larus fuscus ,FALSE,Lesser Black-backed Gull ,LC ,Coastal ,gulls ,,,
Charadriiformes ,Laridae ,Laridae ,Chroicocephalus genei,Larus genei ,TRUE,Slender-billed Gull ,LC ,Coastal ,gulls ,,,
Charadriiformes ,Laridae ,Laridae ,Larus glaucescens ,Larus glaucescens ,FALSE,Glaucous-winged Gull ,LC ,Coastal ,gulls ,,,
Charadriiformes ,Laridae ,Laridae ,Larus glaucoides ,Larus glaucoides ,FALSE,Iceland Gull ,LC ,Coastal ,gulls ,,,
Charadriiformes ,Laridae ,Laridae ,Larus hartlaubii ,Larus hartlaubii ,FALSE,Hartlaub's Gull ,LC ,Coastal ,gulls ,,,
Charadriiformes ,Laridae ,Laridae ,Larus heermanni ,Larus heermanni ,FALSE,Heermann's Gull ,NT ,Coastal ,gulls ,,,
Charadriiformes ,Laridae ,Laridae ,Larus hemprichii ,Larus hemprichii ,FALSE,Sooty Gull ,LC ,Coastal ,gulls ,,,
Charadriiformes ,Laridae ,Laridae ,Larus hyperboreus ,Larus hyperboreus ,FALSE,Glaucous Gull ,LC ,Coastal ,gulls ,,,
Charadriiformes ,Laridae ,Laridae ,Larus ichthyaetus ,Larus ichthyaetus ,FALSE,Pallas's Gull ,LC ,Coastal ,gulls ,,,
Charadriiformes ,Laridae ,Laridae ,Larus leucophthalmus ,Larus leucophthalmus ,FALSE,White-eyed Gull ,LC ,Coastal ,gulls ,,,
Charadriiformes ,Laridae ,Laridae ,Larus livens ,Larus livens ,FALSE,Yellow-footed Gull ,LC ,Coastal ,gulls ,,,
Charadriiformes ,Laridae ,Laridae ,Larus maculipennis ,Larus maculipennis ,FALSE,Brown-hooded Gull ,LC ,Coastal ,gulls ,,,
Charadriiformes ,Laridae ,Laridae ,Larus marinus ,Larus marinus ,FALSE,Great Black-backed Gull ,LC ,Coastal ,gulls ,,,
Charadriiformes ,Laridae ,Laridae ,Larus melanocephalus ,Larus melanocephalus ,FALSE,Mediterranean Gull ,LC ,Coastal ,gulls ,,,
Charadriiformes ,Laridae ,Laridae ,Larus michahellis ,Larus michahellis ,FALSE,Yellow-legged Gull ,LC ,Coastal ,gulls ,,,
Charadriiformes ,Laridae ,Laridae ,Larus modestus ,Larus modestus ,FALSE,Grey Gull ,LC ,Coastal ,gulls ,,,
Charadriiformes ,Laridae ,Laridae ,Larus novaehollandiae ,Larus novaehollandiae ,FALSE,Silver Gull ,LC ,Coastal ,gulls ,,,
Charadriiformes ,Laridae ,Laridae ,Larus occidentalis ,Larus occidentalis ,FALSE,Western Gull ,LC ,Coastal ,gulls ,,,
Charadriiformes ,Laridae ,Laridae ,Larus pacificus ,Larus pacificus ,FALSE,Pacific Gull ,LC ,Coastal ,gulls ,,,
Charadriiformes ,Laridae ,Laridae ,Larus philadelphia ,Larus philadelphia ,FALSE,Bonaparte's Gull ,LC ,Coastal ,gulls ,,,
Charadriiformes ,Laridae ,Laridae ,Larus pipixcan ,Larus pipixcan ,FALSE,Franklin's Gull ,LC ,Coastal ,gulls ,,,
Charadriiformes ,Laridae ,Laridae ,Larus ridibundus ,Larus ridibundus ,FALSE,Black-headed Gull ,LC ,Coastal ,gulls ,,,
Charadriiformes ,Laridae ,Laridae ,Larus schistisagus ,Larus schistisagus ,FALSE,Slaty-backed Gull ,LC ,Coastal ,gulls ,,,
Charadriiformes ,Laridae ,Laridae ,Larus smithsonianus ,Larus smithsonianus ,FALSE,Arctic Herring Gull ,LC ,Coastal ,gulls ,,,
Charadriiformes ,Laridae ,Laridae ,Leucophaeus scoresbii ,Larus scoresbii ,TRUE,Dolphin Gull ,LC ,Coastal ,gulls ,,,
Procellariiformes ,Procellariidae ,Procellariidae ,Macronectes giganteus ,Macronectes giganteus ,FALSE,Southern Giant Petrel ,LC ,Pelagic ,large petrels and shearwaters ,,,
Procellariiformes ,Procellariidae ,Procellariidae ,Macronectes halli ,Macronectes halli ,FALSE,Northern Giant Petrel ,LC ,Pelagic ,large petrels and shearwaters ,,,
Sphenisciformes ,Spheniscidae ,Spheniscidae ,Megadyptes antipodes ,Megadyptes antipodes ,FALSE,Yellow-eyed Penguin ,EN ,Pelagic ,penguins ,,,
Anseriformes ,Anatidae ,Anatidae ,Melanitta americana ,Melanitta americana ,FALSE,Black Scoter ,NT ,Coastal ,sea ducks and allies ,,,
Anseriformes ,Anatidae ,Anatidae ,Melanitta deglandi ,Melanitta deglandi ,FALSE,White-winged Scoter ,LC ,Coastal ,sea ducks and allies ,,,
Anseriformes ,Anatidae ,Anatidae ,Melanitta fusca ,Melanitta fusca ,FALSE,Velvet Scoter ,VU ,Coastal ,sea ducks and allies ,,,
Anseriformes ,Anatidae ,Anatidae ,Melanitta nigra ,Melanitta nigra ,FALSE,Common Scoter ,LC ,Coastal ,sea ducks and allies ,,,
Anseriformes ,Anatidae ,Anatidae ,Melanitta perspicillata ,Melanitta perspicillata ,FALSE,Surf Scoter ,LC ,Coastal ,sea ducks and allies ,,,
Anseriformes ,Anatidae ,Anatidae ,Melanitta deglandi,Melanitta stejnegeri ,TRUE,Siberian Scoter ,LC ,Coastal ,sea ducks and allies ,subspecies,,
Anseriformes ,Anatidae ,Anatidae ,Mergus merganser ,Mergus merganser ,FALSE,Goosander ,LC ,Coastal ,sea ducks and allies ,,,
Anseriformes ,Anatidae ,Anatidae ,Mergus serrator ,Mergus serrator ,FALSE,Red-breasted Merganser ,LC ,Coastal ,sea ducks and allies ,,,
Suliformes ,Sulidae ,Sulidae ,Morus bassanus ,Morus bassanus ,FALSE,Northern Gannet ,LC ,Pelagic ,gannets and boobies ,,,
Suliformes ,Sulidae ,Sulidae ,Morus capensis ,Morus capensis ,FALSE,Cape Gannet ,EN ,Pelagic ,gannets and boobies ,,,
Suliformes ,Sulidae ,Sulidae ,Morus serrator ,Morus serrator ,FALSE,Australasian Gannet ,LC ,Pelagic ,gannets and boobies ,,,
Procellariiformes ,Hydrobatidae ,Oceanitidae ,Nesofregetta fuliginosa ,Nesofregetta fuliginosa ,TRUE,Polynesian Storm-petrel ,EN ,Pelagic ,storm-petrels ,,,
Procellariiformes ,Hydrobatidae ,Oceanitidae ,Oceanites gracilis ,Oceanites gracilis ,TRUE,White-vented Storm-petrel ,DD ,Pelagic ,storm-petrels ,,,
Procellariiformes ,Hydrobatidae ,Oceanitidae ,Oceanites oceanicus ,Oceanites oceanicus ,TRUE,Wilson's Storm-petrel ,LC ,Pelagic ,storm-petrels ,,,
Procellariiformes ,Hydrobatidae ,Oceanitidae ,Oceanites pincoyae ,Oceanites pincoyae ,TRUE,Pincoya Storm-petrel ,DD ,Pelagic ,storm-petrels ,not showing up?,,
Procellariiformes ,Hydrobatidae ,Hydrobatidae ,Oceanodroma castro ,Hydrobates castro ,TRUE,Band-rumped Storm-petrel ,LC ,Pelagic ,storm-petrels ,,,
Procellariiformes ,Hydrobatidae ,Hydrobatidae ,Oceanodroma homochroa ,Hydrobates homochroa ,TRUE,Ashy Storm-petrel ,EN ,Pelagic ,storm-petrels ,,,
Procellariiformes ,Hydrobatidae ,Hydrobatidae ,Oceanodroma hornbyi ,Hydrobates hornbyi ,TRUE,Ringed Storm-petrel ,DD ,Pelagic ,storm-petrels ,,,
Procellariiformes ,Hydrobatidae ,Hydrobatidae ,Oceanodroma leucorhoa,Hydrobates leucorhous ,TRUE,Leach's Storm-petrel ,VU ,Pelagic ,storm-petrels ,,,
Procellariiformes ,Hydrobatidae ,Hydrobatidae ,Oceanodroma macrodactyla,Hydrobates macrodactylus ,TRUE,Guadalupe Storm-petrel ,CR(PE) ,Pelagic ,storm-petrels ,,,
Procellariiformes ,Hydrobatidae ,Hydrobatidae ,Oceanodroma markhami ,Hydrobates markhami ,TRUE,Markham's Storm-petrel ,DD ,Pelagic ,storm-petrels ,,,
Procellariiformes ,Hydrobatidae ,Hydrobatidae ,Oceanodroma matsudairae ,Hydrobates matsudairae ,TRUE,Matsudaira's Storm-petrel ,VU ,Pelagic ,storm-petrels ,,,
Procellariiformes ,Hydrobatidae ,Hydrobatidae ,Oceanodroma melania ,Hydrobates melania ,TRUE,Black Storm-petrel ,LC ,Pelagic ,storm-petrels ,,,
Procellariiformes ,Hydrobatidae ,Hydrobatidae ,Oceanodroma microsoma ,Hydrobates microsoma ,TRUE,Least Storm-petrel ,LC ,Pelagic ,storm-petrels ,,,
Procellariiformes ,Hydrobatidae ,Hydrobatidae ,Oceanodroma monorhis ,Hydrobates monorhis ,TRUE,Swinhoe's Storm-petrel ,NT ,Pelagic ,storm-petrels ,,,
Procellariiformes ,Hydrobatidae ,Hydrobatidae ,Oceanodroma monteiroi ,Hydrobates monteiroi ,TRUE,Monteiro's Storm-petrel ,VU ,Pelagic ,storm-petrels ,,,
Procellariiformes ,Hydrobatidae ,Hydrobatidae ,Oceanodroma tethys ,Hydrobates tethys ,TRUE,Wedge-rumped Storm-petrel ,LC ,Pelagic ,storm-petrels ,,,
Procellariiformes ,Hydrobatidae ,Hydrobatidae ,Oceanodroma tristrami ,Hydrobates tristrami ,TRUE,Tristram's Storm-petrel ,NT ,Pelagic ,storm-petrels ,,,
Charadriiformes ,Laridae ,Laridae ,Onychoprion aleuticus ,Onychoprion aleuticus ,FALSE,Aleutian Tern ,VU ,Coastal ,terns ,,,
Charadriiformes ,Laridae ,Laridae ,Onychoprion anaethetus ,Onychoprion anaethetus ,FALSE,Bridled Tern ,LC ,Coastal ,terns ,,,
Charadriiformes ,Laridae ,Laridae ,Onychoprion fuscatus ,Onychoprion fuscatus ,FALSE,Sooty Tern ,LC ,Coastal ,terns ,,,
Charadriiformes ,Laridae ,Laridae ,Onychoprion lunatus ,Onychoprion lunatus ,FALSE,Grey-backed Tern ,LC ,Coastal ,terns ,,,
Procellariiformes ,Procellariidae ,Procellariidae ,Pachyptila belcheri ,Pachyptila belcheri ,FALSE,Slender-billed Prion ,LC ,Pelagic ,small petrels ,,,
Procellariiformes ,Procellariidae ,Procellariidae ,Pachyptila desolata ,Pachyptila desolata ,FALSE,Antarctic Prion ,LC ,Pelagic ,small petrels ,,,
Procellariiformes ,Procellariidae ,Procellariidae ,Pachyptila salvini ,Pachyptila macgillivrayi ,TRUE,MacGillivray's Prion ,EN ,Pelagic ,small petrels ,subspecies of salvini,,
Procellariiformes ,Procellariidae ,Procellariidae ,Pachyptila salvini ,Pachyptila salvini ,FALSE,Salvin's Prion ,LC ,Pelagic ,small petrels ,,,
Procellariiformes ,Procellariidae ,Procellariidae ,Pachyptila turtur ,Pachyptila crassirostris ,TRUE,Fulmar Prion ,LC ,Pelagic ,small petrels ,,,
Procellariiformes ,Procellariidae ,Procellariidae ,Pachyptila turtur ,Pachyptila turtur ,FALSE,Fairy Prion ,LC ,Pelagic ,small petrels ,,,
Procellariiformes ,Procellariidae ,Procellariidae ,Pachyptila vittata ,Pachyptila vittata ,FALSE,Broad-billed Prion ,LC ,Pelagic ,small petrels ,,,
Procellariiformes ,Procellariidae ,Procellariidae ,Pagodroma nivea ,Pagodroma nivea ,FALSE,Snow Petrel ,LC ,Pelagic ,small petrels ,,,
Charadriiformes ,Laridae ,Laridae ,Pagophila eburnea ,Pagophila eburnea ,FALSE,Ivory Gull ,NT ,Coastal ,gulls ,,,
Suliformes ,Sulidae ,Sulidae ,Papasula abbotti ,Papasula abbotti ,FALSE,Abbott's Booby ,EN ,Pelagic ,gannets and boobies ,,,
Procellariiformes ,Hydrobatidae ,Oceanitidae ,Pelagodroma marina ,Pelagodroma marina ,TRUE,White-faced Storm-petrel ,LC ,Pelagic ,storm-petrels ,,,
Procellariiformes ,pelecanoididae,Procellariidae ,Pelecanoides garnotii ,Pelecanoides garnotii ,TRUE,Peruvian Diving-petrel ,EN ,Pelagic ,small petrels ,,,
Procellariiformes ,pelecanoididae,Procellariidae ,Pelecanoides georgicus ,Pelecanoides georgicus ,TRUE,South Georgia Diving-petrel ,LC ,Pelagic ,small petrels ,,,
Procellariiformes ,pelecanoididae,Procellariidae ,Pelecanoides magellani ,Pelecanoides magellani ,TRUE,Magellanic Diving-petrel ,LC ,Pelagic ,small petrels ,,,
Procellariiformes ,pelecanoididae,Procellariidae ,Pelecanoides urinatrix ,Pelecanoides urinatrix ,TRUE,Common Diving-petrel ,LC ,Pelagic ,small petrels ,,,
Pelecaniformes ,Pelecanidae ,Pelecanidae ,Pelecanus occidentalis ,Pelecanus occidentalis ,FALSE,Brown Pelican ,LC ,Coastal ,cormorants and pelicans ,,,
Pelecaniformes ,Pelecanidae ,Pelecanidae ,Pelecanus onocrotalus ,Pelecanus onocrotalus ,FALSE,Great White Pelican ,LC ,Coastal ,cormorants and pelicans ,,,
Pelecaniformes ,Pelecanidae ,Pelecanidae ,Pelecanus thagus ,Pelecanus thagus ,FALSE,Peruvian Pelican ,NT ,Pelagic ,cormorants and pelicans ,,,
Phaethontiformes ,Phaethontidae ,Phaethontidae ,Phaethon aethereus ,Phaethon aethereus ,FALSE,Red-billed Tropicbird ,LC ,Pelagic ,frigatebirds and tropicbirds ,,,
Phaethontiformes ,Phaethontidae ,Phaethontidae ,Phaethon lepturus ,Phaethon lepturus ,FALSE,White-tailed Tropicbird ,LC ,Pelagic ,frigatebirds and tropicbirds ,,,
Phaethontiformes ,Phaethontidae ,Phaethontidae ,Phaethon rubricauda ,Phaethon rubricauda ,FALSE,Red-tailed Tropicbird ,LC ,Pelagic ,frigatebirds and tropicbirds ,,,
Suliformes ,Phalacrocoracidae ,Phalacrocoracidae ,Phalacrocorax africanus,Microcarbo coronatus ,TRUE,Crowned Cormorant ,NT ,Coastal ,cormorants and pelicans ,"Crowned cormorant is marine, but WoRMS considers it synonymous with Reed cormorant which WoRMS considers freshwater, not marine",,
Suliformes ,Phalacrocoracidae ,Phalacrocoracidae ,Phalacrocorax aristotelis ,Gulosus aristotelis ,TRUE,European Shag ,LC ,Coastal ,cormorants and pelicans ,,,
Suliformes ,Phalacrocoracidae ,Phalacrocoracidae ,Phalacrocorax atriceps ,Leucocarbo atriceps ,TRUE,Imperial Shag ,LC ,Coastal ,cormorants and pelicans ,,,
Suliformes ,Phalacrocoracidae ,Phalacrocoracidae ,Phalacrocorax auritus ,Nannopterum auritus ,TRUE,Double-crested Cormorant ,LC ,Coastal ,cormorants and pelicans ,,,
Suliformes ,Phalacrocoracidae ,Phalacrocoracidae ,Phalacrocorax bougainvillii ,Leucocarbo bougainvilliorum ,TRUE,Guanay Cormorant ,NT ,Coastal ,cormorants and pelicans ,,,
Suliformes ,Phalacrocoracidae ,Phalacrocoracidae ,Phalacrocorax brasilianus ,Nannopterum brasilianus ,TRUE,Neotropical Cormorant ,LC ,Coastal ,cormorants and pelicans ,,,
Suliformes ,Phalacrocoracidae ,Phalacrocoracidae ,Phalacrocorax campbelli ,Leucocarbo campbelli ,TRUE,Campbell Shag ,VU ,Coastal ,cormorants and pelicans ,,,
Suliformes ,Phalacrocoracidae ,Phalacrocoracidae ,Phalacrocorax campbelli ,Leucocarbo colensoi ,TRUE,Auckland Shag ,VU ,Coastal ,cormorants and pelicans ,synonym,,
Suliformes ,Phalacrocoracidae ,Phalacrocoracidae ,Phalacrocorax capensis ,Phalacrocorax capensis ,FALSE,Cape Cormorant ,EN ,Coastal ,cormorants and pelicans ,,,
Suliformes ,Phalacrocoracidae ,Phalacrocoracidae ,Phalacrocorax capillatus ,Phalacrocorax capillatus ,FALSE,Japanese Cormorant ,LC ,Coastal ,cormorants and pelicans ,,,
Suliformes ,Phalacrocoracidae ,Phalacrocoracidae ,Phalacrocorax carbo ,Phalacrocorax carbo ,FALSE,Great Cormorant ,LC ,Coastal ,cormorants and pelicans ,,,
Suliformes ,Phalacrocoracidae ,Phalacrocoracidae ,Phalacrocorax carunculatus ,Leucocarbo carunculatus ,TRUE,Rough-faced Shag ,VU ,Coastal ,cormorants and pelicans ,,,
Suliformes ,Phalacrocoracidae ,Phalacrocoracidae ,Phalacrocorax chalconotus ,Leucocarbo chalconotus ,TRUE,Stewart Shag ,VU ,Coastal ,cormorants and pelicans ,,,
Suliformes ,Phalacrocoracidae ,Phalacrocoracidae ,Phalacrocorax featherstoni ,Phalacrocorax featherstoni ,FALSE,Pitt Shag ,EN ,Coastal ,cormorants and pelicans ,,,
Suliformes ,Phalacrocoracidae ,Phalacrocoracidae ,Phalacrocorax fuscescens ,Phalacrocorax fuscescens ,FALSE,Black-faced Cormorant ,LC ,Coastal ,cormorants and pelicans ,,,
Suliformes ,Phalacrocoracidae ,Phalacrocoracidae ,Phalacrocorax fuscicollis ,Phalacrocorax fuscicollis ,FALSE,Indian Cormorant ,LC ,Coastal ,cormorants and pelicans ,,,
Suliformes ,Phalacrocoracidae ,Phalacrocoracidae ,Phalacrocorax gaimardi ,Poikilocarbo gaimardi ,TRUE,Red-legged Cormorant ,NT ,Coastal ,cormorants and pelicans ,,,
Suliformes ,Phalacrocoracidae ,Phalacrocoracidae ,Phalacrocorax harrisi ,Nannopterum harrisi ,TRUE,Flightless Cormorant ,VU ,Coastal ,cormorants and pelicans ,,,
Suliformes ,Phalacrocoracidae ,Phalacrocoracidae ,Phalacrocorax magellanicus ,Leucocarbo magellanicus ,TRUE,Rock Shag ,LC ,Coastal ,cormorants and pelicans ,,,
Suliformes ,Phalacrocoracidae ,Phalacrocoracidae ,Phalacrocorax melanoleucos,Microcarbo melanoleucos ,TRUE,Little Pied Cormorant ,LC ,Coastal ,cormorants and pelicans ,,,
Suliformes ,Phalacrocoracidae ,Phalacrocoracidae ,Phalacrocorax neglectus ,Phalacrocorax neglectus ,FALSE,Bank Cormorant ,EN ,Coastal ,cormorants and pelicans ,,,
Suliformes ,Phalacrocoracidae ,Phalacrocoracidae ,Phalacrocorax nigrogularis ,Phalacrocorax nigrogularis ,FALSE,Socotra Cormorant ,VU ,Coastal ,cormorants and pelicans ,,,
Suliformes ,Phalacrocoracidae ,Phalacrocoracidae ,Phalacrocorax onslowi ,Leucocarbo onslowi ,TRUE,Chatham Shag ,CR ,Coastal ,cormorants and pelicans ,,,
Suliformes ,Phalacrocoracidae ,Phalacrocoracidae ,Phalacrocorax pelagicus ,Urile pelagicus ,TRUE,Pelagic Cormorant ,LC ,Coastal ,cormorants and pelicans ,,,
Suliformes ,Phalacrocoracidae ,Phalacrocoracidae ,Phalacrocorax penicillatus ,Urile penicillatus ,TRUE,Brandt's Cormorant ,LC ,Coastal ,cormorants and pelicans ,,,
Suliformes ,Phalacrocoracidae ,Phalacrocoracidae ,Phalacrocorax punctatus ,Phalacrocorax punctatus ,FALSE,Spotted Shag ,LC ,Coastal ,cormorants and pelicans ,,,
Suliformes ,Phalacrocoracidae ,Phalacrocoracidae ,Phalacrocorax ranfurlyi ,Leucocarbo ranfurlyi ,TRUE,Bounty Shag ,VU ,Coastal ,cormorants and pelicans ,,,
Suliformes ,Phalacrocoracidae ,Phalacrocoracidae ,Phalacrocorax urile ,Urile urile ,TRUE,Red-faced Cormorant ,LC ,Coastal ,cormorants and pelicans ,,,
Suliformes ,Phalacrocoracidae ,Phalacrocoracidae ,Phalacrocorax varius ,Phalacrocorax varius ,FALSE,Great Pied Cormorant ,LC ,Coastal ,cormorants and pelicans ,,,
Suliformes ,Phalacrocoracidae ,Phalacrocoracidae ,Phalacrocorax verrucosus ,Leucocarbo verrucosus ,TRUE,Kerguelen Shag ,LC ,Coastal ,cormorants and pelicans ,,,
Charadriiformes ,Phalaropodidae ,Scolopacidae ,Phalaropus fulicarius ,Phalaropus fulicarius ,TRUE,Red Phalarope ,LC ,Coastal ,phalaropes ,,,
Charadriiformes ,Phalaropodidae ,Scolopacidae ,Phalaropus lobatus ,Phalaropus lobatus ,TRUE,Red-necked Phalarope ,LC ,Coastal ,phalaropes ,,,
Procellariiformes ,Diomedeidae ,Diomedeidae ,Phoebastria albatrus ,Phoebastria albatrus ,FALSE,Short-tailed Albatross ,VU ,Pelagic ,albatrosses ,,,
Procellariiformes ,Diomedeidae ,Diomedeidae ,Phoebastria immutabilis ,Phoebastria immutabilis ,FALSE,Laysan Albatross ,NT ,Pelagic ,albatrosses ,,,
Procellariiformes ,Diomedeidae ,Diomedeidae ,Phoebastria irrorata ,Phoebastria irrorata ,FALSE,Waved Albatross ,CR ,Pelagic ,albatrosses ,,,
Procellariiformes ,Diomedeidae ,Diomedeidae ,Phoebastria nigripes ,Phoebastria nigripes ,FALSE,Black-footed Albatross ,NT ,Pelagic ,albatrosses ,,,
Procellariiformes ,Diomedeidae ,Diomedeidae ,Phoebetria fusca ,Phoebetria fusca ,FALSE,Sooty Albatross ,EN ,Pelagic ,albatrosses ,,,
Procellariiformes ,Diomedeidae ,Diomedeidae ,Phoebetria palpebrata ,Phoebetria palpebrata ,FALSE,Light-mantled Albatross ,NT ,Pelagic ,albatrosses ,,,
Podicipediformes ,Podicipedidae ,Podicipedidae ,Podiceps auritus ,Podiceps auritus ,FALSE,Horned Grebe ,VU ,Coastal ,sea ducks and allies ,,,
Podicipediformes ,Podicipedidae ,Podicipedidae ,Podiceps cristatus ,Podiceps cristatus ,FALSE,Great Crested Grebe ,LC ,Coastal ,sea ducks and allies ,,,
Podicipediformes ,Podicipedidae ,Podicipedidae ,Podiceps grisegena ,Podiceps grisegena ,FALSE,Red-necked Grebe ,LC ,Coastal ,sea ducks and allies ,,,
Podicipediformes ,Podicipedidae ,Podicipedidae ,Podiceps nigricollis ,Podiceps nigricollis ,FALSE,Black-necked Grebe ,LC ,Coastal ,sea ducks and allies ,,,
Anseriformes ,Anatidae ,Anatidae ,Polysticta stelleri ,Polysticta stelleri ,FALSE,Steller's Eider ,VU ,Coastal ,sea ducks and allies ,,,
Procellariiformes ,Procellariidae ,Procellariidae ,Procellaria aequinoctialis ,Procellaria aequinoctialis ,FALSE,White-chinned Petrel ,VU ,Pelagic ,large petrels and shearwaters ,,,
Procellariiformes ,Procellariidae ,Procellariidae ,Procellaria cinerea ,Procellaria cinerea ,FALSE,Grey Petrel ,NT ,Pelagic ,large petrels and shearwaters ,,,
Procellariiformes ,Procellariidae ,Procellariidae ,Procellaria conspicillata ,Procellaria conspicillata ,FALSE,Spectacled Petrel ,VU ,Pelagic ,large petrels and shearwaters ,,,
Procellariiformes ,Procellariidae ,Procellariidae ,Procellaria parkinsoni ,Procellaria parkinsoni ,FALSE,Black Petrel ,VU ,Pelagic ,large petrels and shearwaters ,,,
Procellariiformes ,Procellariidae ,Procellariidae ,Procellaria westlandica ,Procellaria westlandica ,FALSE,Westland Petrel ,EN ,Pelagic ,large petrels and shearwaters ,,,
Procellariiformes ,Procellariidae ,Procellariidae ,Pseudobulweria aterrima ,Pseudobulweria aterrima ,FALSE,Mascarene Petrel ,CR ,Pelagic ,gadflies ,,,
Procellariiformes ,Procellariidae ,Procellariidae ,Pseudobulweria becki ,Pseudobulweria becki ,FALSE,Beck's Petrel ,CR ,Pelagic ,gadflies ,,,
Procellariiformes ,Procellariidae ,Procellariidae ,Pseudobulweria macgillivrayi ,Pseudobulweria macgillivrayi ,FALSE,Fiji Petrel ,CR ,Pelagic ,gadflies ,,,
Procellariiformes ,Procellariidae ,Procellariidae ,Pseudobulweria rostrata ,Pseudobulweria rostrata ,FALSE,Tahiti Petrel ,NT ,Pelagic ,gadflies ,,,
Procellariiformes ,Procellariidae ,Procellariidae ,Pterodroma alba ,Pterodroma alba ,FALSE,Phoenix Petrel ,EN ,Pelagic ,gadflies ,,,
Procellariiformes ,Procellariidae ,Procellariidae ,Pterodroma arminjoniana ,Pterodroma arminjoniana ,FALSE,Trindade Petrel ,VU ,Pelagic ,gadflies ,,,
Procellariiformes ,Procellariidae ,Procellariidae ,Pterodroma atrata ,Pterodroma atrata ,FALSE,Henderson Petrel ,EN ,Pelagic ,gadflies ,,,
Procellariiformes ,Procellariidae ,Procellariidae ,Pterodroma axillaris ,Pterodroma axillaris ,FALSE,Chatham Petrel ,VU ,Pelagic ,gadflies ,,,
Procellariiformes ,Procellariidae ,Procellariidae ,Pterodroma baraui ,Pterodroma baraui ,FALSE,Barau's Petrel ,EN ,Pelagic ,gadflies ,,,
Procellariiformes ,Procellariidae ,Procellariidae ,Pterodroma brevipes ,Pterodroma brevipes ,FALSE,Collared Petrel ,VU ,Pelagic ,gadflies ,,,
Procellariiformes ,Procellariidae ,Procellariidae ,Pterodroma cahow ,Pterodroma cahow ,FALSE,Bermuda Petrel ,EN ,Pelagic ,gadflies ,,,
Procellariiformes ,Procellariidae ,Procellariidae ,Pterodroma caribbaea ,Pterodroma caribbaea ,FALSE,Jamaican Petrel ,CR(PE) ,Pelagic ,gadflies ,,,
Procellariiformes ,Procellariidae ,Procellariidae ,Pterodroma cervicalis ,Pterodroma cervicalis ,FALSE,White-necked Petrel ,VU ,Pelagic ,gadflies ,,,
Procellariiformes ,Procellariidae ,Procellariidae ,Pterodroma cookii ,Pterodroma cookii ,FALSE,Cook's Petrel ,VU ,Pelagic ,gadflies ,,,
Procellariiformes ,Procellariidae ,Procellariidae ,Pterodroma defilippiana ,Pterodroma defilippiana ,FALSE,Masatierra Petrel ,VU ,Pelagic ,gadflies ,,,
Procellariiformes ,Procellariidae ,Procellariidae ,Pterodroma deserta ,Pterodroma deserta ,FALSE,Desertas Petrel ,VU ,Pelagic ,gadflies ,,,
Procellariiformes ,Procellariidae ,Procellariidae ,Pterodroma externa ,Pterodroma externa ,FALSE,Juan Fernandez Petrel ,VU ,Pelagic ,gadflies ,,,
Procellariiformes ,Procellariidae ,Procellariidae ,Pterodroma feae ,Pterodroma feae ,FALSE,Cape Verde Petrel ,NT ,Pelagic ,gadflies ,,,
Procellariiformes ,Procellariidae ,Procellariidae ,Pterodroma hasitata ,Pterodroma hasitata ,FALSE,Black-capped Petrel ,EN ,Pelagic ,gadflies ,,,
Procellariiformes ,Procellariidae ,Procellariidae ,Pterodroma heraldica ,Pterodroma heraldica ,FALSE,Herald Petrel ,LC ,Pelagic ,gadflies ,,,
Procellariiformes ,Procellariidae ,Procellariidae ,Pterodroma hypoleuca ,Pterodroma hypoleuca ,FALSE,Bonin Petrel ,LC ,Pelagic ,gadflies ,,,
Procellariiformes ,Procellariidae ,Procellariidae ,Pterodroma incerta ,Pterodroma incerta ,FALSE,Atlantic Petrel ,EN ,Pelagic ,gadflies ,,,
Procellariiformes ,Procellariidae ,Procellariidae ,Pterodroma inexpectata ,Pterodroma inexpectata ,FALSE,Mottled Petrel ,NT ,Pelagic ,gadflies ,,,
Procellariiformes ,Procellariidae ,Procellariidae ,Pterodroma lessonii ,Pterodroma lessonii ,FALSE,White-headed Petrel ,LC ,Pelagic ,gadflies ,,,
Procellariiformes ,Procellariidae ,Procellariidae ,Pterodroma leucoptera ,Pterodroma leucoptera ,FALSE,White-winged Petrel ,VU ,Pelagic ,gadflies ,,,
Procellariiformes ,Procellariidae ,Procellariidae ,Pterodroma longirostris ,Pterodroma longirostris ,FALSE,Stejneger's Petrel ,VU ,Pelagic ,gadflies ,,,
Procellariiformes ,Procellariidae ,Procellariidae ,Pterodroma macroptera,Pterodroma gouldi ,TRUE,Grey-faced Petrel ,LC ,Pelagic ,gadflies ,subspecies,,
Procellariiformes ,Procellariidae ,Procellariidae ,Pterodroma macroptera ,Pterodroma macroptera ,FALSE,Great-winged Petrel ,LC ,Pelagic ,gadflies ,,,
Procellariiformes ,Procellariidae ,Procellariidae ,Pterodroma madeira ,Pterodroma madeira ,FALSE,Zino's Petrel ,EN ,Pelagic ,gadflies ,,,
Procellariiformes ,Procellariidae ,Procellariidae ,Pterodroma magentae ,Pterodroma magentae ,FALSE,Magenta Petrel ,CR ,Pelagic ,gadflies ,,,
Procellariiformes ,Procellariidae ,Procellariidae ,Pterodroma mollis ,Pterodroma mollis ,FALSE,Soft-plumaged Petrel ,LC ,Pelagic ,gadflies ,,,
Procellariiformes ,Procellariidae ,Procellariidae ,Pterodroma neglecta ,Pterodroma neglecta ,FALSE,Kermadec Petrel ,LC ,Pelagic ,gadflies ,,,
Procellariiformes ,Procellariidae ,Procellariidae ,Pterodroma nigripennis ,Pterodroma nigripennis ,FALSE,Black-winged Petrel ,LC ,Pelagic ,gadflies ,,,
Procellariiformes ,Procellariidae ,Procellariidae ,Pterodroma phaeopygia ,Pterodroma phaeopygia ,FALSE,Galapagos Petrel ,CR ,Pelagic ,gadflies ,,,
Procellariiformes ,Procellariidae ,Procellariidae ,Pterodroma pycrofti ,Pterodroma pycrofti ,FALSE,Pycroft's Petrel ,VU ,Pelagic ,gadflies ,,,
Procellariiformes ,Procellariidae ,Procellariidae ,Pterodroma sandwichensis ,Pterodroma sandwichensis ,FALSE,Hawaiian Petrel ,EN ,Pelagic ,gadflies ,,,
Procellariiformes ,Procellariidae ,Procellariidae ,Pterodroma solandri ,Pterodroma solandri ,FALSE,Providence Petrel ,VU ,Pelagic ,gadflies ,,,
Procellariiformes ,Procellariidae ,Procellariidae ,Pterodroma ultima ,Pterodroma ultima ,FALSE,Murphy's Petrel ,NT ,Pelagic ,gadflies ,,,
Charadriiformes ,Alcidae ,Alcidae ,Ptychoramphus aleuticus ,Ptychoramphus aleuticus ,FALSE,Cassin's Auklet ,NT ,Pelagic ,auks ,,,
Procellariiformes ,Procellariidae ,Procellariidae ,Puffinus assimilis ,Puffinus assimilis ,FALSE,Little Shearwater ,LC ,Pelagic ,large petrels and shearwaters ,,,
Procellariiformes ,Procellariidae ,Procellariidae ,Puffinus auricularis ,Puffinus auricularis ,FALSE,Townsend's Shearwater ,CR ,Pelagic ,large petrels and shearwaters ,,,
Procellariiformes ,Procellariidae ,Procellariidae ,Puffinus lherminieri ,Puffinus bannermani ,TRUE,Bannerman's Shearwater ,EN ,Pelagic ,large petrels and shearwaters ,formerly conspecific with Puffinus lherminieri,,
Procellariiformes ,Procellariidae ,Procellariidae ,Puffinus assimilis ,Puffinus bryani ,TRUE,Bryan's Shearwater ,CR ,Pelagic ,large petrels and shearwaters ,originally thought to be Puffinus assimilis,,
Procellariiformes ,Procellariidae ,Procellariidae ,Puffinus bulleri ,Ardenna bulleri ,TRUE,Buller's Shearwater ,VU ,Pelagic ,large petrels and shearwaters ,,,
Procellariiformes ,Procellariidae ,Procellariidae ,Puffinus carneipes ,Ardenna carneipes ,TRUE,Flesh-footed Shearwater ,NT ,Pelagic ,large petrels and shearwaters ,,,
Procellariiformes ,Procellariidae ,Procellariidae ,Puffinus creatopus ,Ardenna creatopus ,TRUE,Pink-footed Shearwater ,VU ,Pelagic ,large petrels and shearwaters ,,,
Procellariiformes ,Procellariidae ,Procellariidae ,Puffinus elegans ,Puffinus elegans ,FALSE,Subantarctic Shearwater ,LC ,Pelagic ,large petrels and shearwaters ,,,
Procellariiformes ,Procellariidae ,Procellariidae ,Puffinus gavia ,Puffinus gavia ,FALSE,Fluttering Shearwater ,LC ,Pelagic ,large petrels and shearwaters ,,,
Procellariiformes ,Procellariidae ,Procellariidae ,Puffinus gravis ,Ardenna gravis ,TRUE,Great Shearwater ,LC ,Pelagic ,large petrels and shearwaters ,,,
Procellariiformes ,Procellariidae ,Procellariidae ,Puffinus griseus,Ardenna grisea ,TRUE,Sooty Shearwater ,NT ,Pelagic ,large petrels and shearwaters ,,,
Procellariiformes ,Procellariidae ,Procellariidae ,Puffinus heinrothi ,Puffinus heinrothi ,FALSE,Heinroth's Shearwater ,VU ,Pelagic ,large petrels and shearwaters ,,,
Procellariiformes ,Procellariidae ,Procellariidae ,Puffinus huttoni ,Puffinus huttoni ,FALSE,Hutton's Shearwater ,EN ,Pelagic ,large petrels and shearwaters ,,,
Procellariiformes ,Procellariidae ,Procellariidae ,Puffinus lherminieri ,Puffinus bailloni ,TRUE,Tropical Shearwater ,LC ,Pelagic ,large petrels and shearwaters ,formerly conspecific with Puffinus lherminieri,,
Procellariiformes ,Procellariidae ,Procellariidae ,Puffinus lherminieri ,Puffinus lherminieri ,FALSE,Audubon's Shearwater ,LC ,Pelagic ,large petrels and shearwaters ,,,
Procellariiformes ,Procellariidae ,Procellariidae ,Puffinus mauretanicus ,Puffinus mauretanicus ,FALSE,Balearic Shearwater ,CR ,Pelagic ,large petrels and shearwaters ,,,
Procellariiformes ,Procellariidae ,Procellariidae ,Puffinus nativitatis ,Puffinus nativitatis ,FALSE,Christmas Shearwater ,LC ,Pelagic ,large petrels and shearwaters ,,,
Procellariiformes ,Procellariidae ,Procellariidae ,Puffinus auricularis,Puffinus newelli ,TRUE,Newell's Shearwater ,CR ,Pelagic ,large petrels and shearwaters ,,,
Procellariiformes ,Procellariidae ,Procellariidae ,Puffinus opisthomelas ,Puffinus opisthomelas ,FALSE,Black-vented Shearwater ,NT ,Pelagic ,large petrels and shearwaters ,,,
Procellariiformes ,Procellariidae ,Procellariidae ,Puffinus pacificus,Ardenna pacifica ,TRUE,Wedge-tailed Shearwater ,LC ,Pelagic ,large petrels and shearwaters ,,,
Procellariiformes ,Procellariidae ,Procellariidae ,Puffinus persicus ,Puffinus persicus ,FALSE,Persian Shearwater ,LC ,Pelagic ,large petrels and shearwaters ,,,
Procellariiformes ,Procellariidae ,Procellariidae ,Puffinus puffinus ,Puffinus puffinus ,FALSE,Manx Shearwater ,LC ,Pelagic ,large petrels and shearwaters ,,,
Procellariiformes ,Procellariidae ,Procellariidae ,Puffinus lherminieri ,Puffinus subalaris ,TRUE,Galapagos Shearwater ,LC ,Pelagic ,large petrels and shearwaters ,formerly thought to be conspecific with Audobon's,,
Procellariiformes ,Procellariidae ,Procellariidae ,Puffinus tenuirostris ,Ardenna tenuirostris ,TRUE,Short-tailed Shearwater ,LC ,Pelagic ,large petrels and shearwaters ,,,
Procellariiformes ,Procellariidae ,Procellariidae ,Puffinus yelkouan ,Puffinus yelkouan ,FALSE,Yelkouan Shearwater ,VU ,Pelagic ,large petrels and shearwaters ,,,
Sphenisciformes ,Spheniscidae ,Spheniscidae ,Pygoscelis adeliae ,Pygoscelis adeliae ,FALSE,Adélie Penguin ,LC ,Pelagic ,penguins ,,,
Sphenisciformes ,Spheniscidae ,Spheniscidae ,Pygoscelis antarcticus ,Pygoscelis antarcticus ,FALSE,Chinstrap Penguin ,LC ,Pelagic ,penguins ,,,
Sphenisciformes ,Spheniscidae ,Spheniscidae ,Pygoscelis papua ,Pygoscelis papua ,FALSE,Gentoo Penguin ,LC ,Pelagic ,penguins ,,,
Charadriiformes ,Laridae ,Laridae ,Rhodostethia rosea ,Rhodostethia rosea ,FALSE,Ross's Gull ,LC ,Coastal ,gulls ,,,
Charadriiformes ,Laridae ,Laridae ,Rissa brevirostris ,Rissa brevirostris ,FALSE,Red-legged Kittiwake ,VU ,Coastal ,gulls ,,,
Charadriiformes ,Laridae ,Laridae ,Rissa tridactyla ,Rissa tridactyla ,FALSE,Black-legged Kittiwake ,VU ,Coastal ,gulls ,,,
Charadriiformes ,Laridae ,Laridae ,Saundersilarus saundersi ,Saundersilarus saundersi ,FALSE,Saunders's Gull ,VU ,Coastal ,gulls ,not found? even with genus Chroicocephalus,,
Anseriformes ,Anatidae ,Anatidae ,Somateria fischeri ,Somateria fischeri ,FALSE,Spectacled Eider ,NT ,Coastal ,sea ducks and allies ,,,
Anseriformes ,Anatidae ,Anatidae ,Somateria mollissima ,Somateria mollissima ,FALSE,Common Eider ,NT ,Coastal ,sea ducks and allies ,,,
Anseriformes ,Anatidae ,Anatidae ,Somateria spectabilis ,Somateria spectabilis ,FALSE,King Eider ,LC ,Coastal ,sea ducks and allies ,,,
Sphenisciformes ,Spheniscidae ,Spheniscidae ,Spheniscus demersus ,Spheniscus demersus ,FALSE,African Penguin ,EN ,Pelagic ,penguins ,,,
Sphenisciformes ,Spheniscidae ,Spheniscidae ,Spheniscus humboldti ,Spheniscus humboldti ,FALSE,Humboldt Penguin ,VU ,Pelagic ,penguins ,,,
Sphenisciformes ,Spheniscidae ,Spheniscidae ,Spheniscus magellanicus ,Spheniscus magellanicus ,FALSE,Magellanic Penguin ,NT ,Pelagic ,penguins ,,,
Sphenisciformes ,Spheniscidae ,Spheniscidae ,Spheniscus mendiculus ,Spheniscus mendiculus ,FALSE,Galapagos Penguin ,EN ,Pelagic ,penguins ,,,
Charadriiformes ,Stercorariidae ,Stercorariidae ,Stercorarius longicaudus ,Stercorarius longicaudus ,FALSE,Long-tailed Jaeger ,LC ,Pelagic ,skuas ,,,
Charadriiformes ,Stercorariidae ,Stercorariidae ,Stercorarius parasiticus ,Stercorarius parasiticus ,FALSE,Arctic Jaeger ,LC ,Pelagic ,skuas ,,,
Charadriiformes ,Stercorariidae ,Stercorariidae ,Stercorarius pomarinus ,Stercorarius pomarinus ,FALSE,Pomarine Jaeger ,LC ,Pelagic ,skuas ,,,
Charadriiformes ,Laridae ,Laridae ,Sterna bengalensis ,Thalasseus bengalensis ,TRUE,Lesser Crested Tern ,LC ,Coastal ,terns ,,,
Charadriiformes ,Laridae ,Laridae ,Sterna bergii ,Thalasseus bergii ,TRUE,Greater Crested Tern ,LC ,Coastal ,terns ,,,
Charadriiformes ,Laridae ,Laridae ,Sterna bernsteini ,Thalasseus bernsteini ,TRUE,Chinese Crested Tern ,CR ,Coastal ,terns ,,,
Charadriiformes ,Laridae ,Laridae ,Sterna dougallii ,Sterna dougallii ,FALSE,Roseate Tern ,LC ,Coastal ,terns ,,,
Charadriiformes ,Laridae ,Laridae ,Sterna elegans ,Thalasseus elegans ,TRUE,Elegant Tern ,NT ,Coastal ,terns ,,,
Charadriiformes ,Laridae ,Laridae ,Sterna forsteri ,Sterna forsteri ,FALSE,Forster's Tern ,LC ,Coastal ,terns ,,,
Charadriiformes ,Laridae ,Laridae ,Sterna hirundinacea ,Sterna hirundinacea ,FALSE,South American Tern ,LC ,Coastal ,terns ,,,
Charadriiformes ,Laridae ,Laridae ,Sterna hirundo ,Sterna hirundo ,FALSE,Common Tern ,LC ,Coastal ,terns ,,,
Charadriiformes ,Laridae ,Laridae ,Sterna maxima,Thalasseus maximus ,TRUE,Royal Tern ,LC ,Coastal ,terns ,,,
Charadriiformes ,Laridae ,Laridae ,Sterna paradisaea ,Sterna paradisaea ,FALSE,Arctic Tern ,LC ,Coastal ,terns ,,,
Charadriiformes ,Laridae ,Laridae ,Sterna repressa ,Sterna repressa ,FALSE,White-cheeked Tern ,LC ,Coastal ,terns ,,,
Charadriiformes ,Laridae ,Laridae ,Sterna sandvicensis ,Thalasseus sandvicensis ,TRUE,Sandwich Tern ,LC ,Coastal ,terns ,,,
Charadriiformes ,Laridae ,Laridae ,Sterna striata ,Sterna striata ,FALSE,White-fronted Tern ,NT ,Coastal ,terns ,,,
Charadriiformes ,Laridae ,Laridae ,Sterna sumatrana ,Sterna sumatrana ,FALSE,Black-naped Tern ,LC ,Coastal ,terns ,,,
Charadriiformes ,Laridae ,Laridae ,Sterna trudeaui ,Sterna trudeaui ,FALSE,Snowy-crowned Tern ,LC ,Coastal ,terns ,,,
Charadriiformes ,Laridae ,Laridae ,Sterna virgata ,Sterna virgata ,FALSE,Kerguelen Tern ,NT ,Coastal ,terns ,,,
Charadriiformes ,Laridae ,Laridae ,Sterna vittata ,Sterna vittata ,FALSE,Antarctic Tern ,LC ,Coastal ,terns ,,,
Charadriiformes ,Laridae ,Laridae ,Sternula albifrons ,Sternula albifrons ,FALSE,Little Tern ,LC ,Coastal ,terns ,,,
Charadriiformes ,Laridae ,Laridae ,Sternula antillarum ,Sternula antillarum ,FALSE,Least Tern ,LC ,Coastal ,terns ,,,
Charadriiformes ,Laridae ,Laridae ,Sternula balaenarum ,Sternula balaenarum ,FALSE,Damara Tern ,VU ,Coastal ,terns ,,,
Charadriiformes ,Laridae ,Laridae ,Sternula lorata ,Sternula lorata ,FALSE,Peruvian Tern ,EN ,Coastal ,terns ,,,
Charadriiformes ,Laridae ,Laridae ,Sternula nereis ,Sternula nereis ,FALSE,Fairy Tern ,VU ,Coastal ,terns ,,,
Charadriiformes ,Laridae ,Laridae ,Sternula saundersi ,Sternula saundersi ,FALSE,Saunders's Tern ,LC ,Coastal ,terns ,,,
Suliformes ,Sulidae ,Sulidae ,Sula dactylatra ,Sula dactylatra ,FALSE,Masked Booby ,LC ,Pelagic ,gannets and boobies ,,,
Suliformes ,Sulidae ,Sulidae ,Sula granti ,Sula granti ,FALSE,Nazca Booby ,LC ,Pelagic ,gannets and boobies ,,,
Suliformes ,Sulidae ,Sulidae ,Sula leucogaster ,Sula leucogaster ,FALSE,Brown Booby ,LC ,Pelagic ,gannets and boobies ,,,
Suliformes ,Sulidae ,Sulidae ,Sula nebouxii ,Sula nebouxii ,FALSE,Blue-footed Booby ,LC ,Pelagic ,gannets and boobies ,,,
Suliformes ,Sulidae ,Sulidae ,Sula sula ,Sula sula ,FALSE,Red-footed Booby ,LC ,Pelagic ,gannets and boobies ,,,
Suliformes ,Sulidae ,Sulidae ,Sula variegata ,Sula variegata ,FALSE,Peruvian Booby ,LC ,Pelagic ,gannets and boobies ,,,
Charadriiformes ,Alcidae ,Alcidae ,Synthliboramphus antiquus ,Synthliboramphus antiquus ,FALSE,Ancient Murrelet ,LC ,Pelagic ,auks ,,,
Charadriiformes ,Alcidae ,Alcidae ,Synthliboramphus craveri ,Synthliboramphus craveri ,FALSE,Craveri's Murrelet ,VU ,Pelagic ,auks ,,,
Charadriiformes ,Alcidae ,Alcidae ,Synthliboramphus hypoleucus ,Synthliboramphus hypoleucus ,FALSE,Guadalupe Murrelet ,EN ,Pelagic ,auks ,,,
Charadriiformes ,Alcidae ,Alcidae ,Synthliboramphus scrippsi ,Synthliboramphus scrippsi ,FALSE,Scripps's Murrelet ,VU ,Pelagic ,auks ,,,
Charadriiformes ,Alcidae ,Alcidae ,Synthliboramphus wumizusume ,Synthliboramphus wumizusume ,FALSE,Japanese Murrelet ,VU ,Pelagic ,auks ,,,
Anseriformes ,Anatidae ,Anatidae ,Tachyeres brachypterus ,Tachyeres brachypterus ,FALSE,Falkland Steamerduck ,LC ,Coastal ,sea ducks and allies ,,,
Anseriformes ,Anatidae ,Anatidae ,Tachyeres leucocephalus ,Tachyeres leucocephalus ,FALSE,White-headed Steamerduck ,VU ,Coastal ,sea ducks and allies ,,,
Anseriformes ,Anatidae ,Anatidae ,Tachyeres patachonicus ,Tachyeres patachonicus ,FALSE,Flying Steamerduck ,LC ,Coastal ,sea ducks and allies ,,,
Anseriformes ,Anatidae ,Anatidae ,Tachyeres pteneres ,Tachyeres pteneres ,FALSE,Magellanic Steamerduck ,LC ,Coastal ,sea ducks and allies ,,,
Procellariiformes ,Diomedeidae ,Diomedeidae ,Thalassarche bulleri ,Thalassarche bulleri ,FALSE,Buller's Albatross ,NT ,Pelagic ,albatrosses ,,,
Procellariiformes ,Diomedeidae ,Diomedeidae ,Thalassarche carteri ,Thalassarche carteri ,FALSE,Indian Yellow-nosed Albatross ,EN ,Pelagic ,albatrosses ,,,
Procellariiformes ,Diomedeidae ,Diomedeidae ,Thalassarche cauta ,Thalassarche cauta ,FALSE,Shy Albatross ,NT ,Pelagic ,albatrosses ,,,
Procellariiformes ,Diomedeidae ,Diomedeidae ,Thalassarche chlororhynchos ,Thalassarche chlororhynchos ,FALSE,Atlantic Yellow-nosed Albatross ,EN ,Pelagic ,albatrosses ,,,
Procellariiformes ,Diomedeidae ,Diomedeidae ,Thalassarche chrysostoma ,Thalassarche chrysostoma ,FALSE,Grey-headed Albatross ,EN ,Pelagic ,albatrosses ,,,
Procellariiformes ,Diomedeidae ,Diomedeidae ,Thalassarche eremita ,Thalassarche eremita ,FALSE,Chatham Albatross ,VU ,Pelagic ,albatrosses ,,,
Procellariiformes ,Diomedeidae ,Diomedeidae ,Thalassarche impavida ,Thalassarche impavida ,FALSE,Campbell Albatross ,VU ,Pelagic ,albatrosses ,,,
Procellariiformes ,Diomedeidae ,Diomedeidae ,Thalassarche melanophris ,Thalassarche melanophris ,FALSE,Black-browed Albatross ,LC ,Pelagic ,albatrosses ,,,
Procellariiformes ,Diomedeidae ,Diomedeidae ,Thalassarche salvini ,Thalassarche salvini ,FALSE,Salvin's Albatross ,VU ,Pelagic ,albatrosses ,,,
Procellariiformes ,Diomedeidae ,Diomedeidae ,Thalassarche steadi ,Thalassarche steadi ,FALSE,White-capped Albatross ,NT ,Pelagic ,albatrosses ,,,
Procellariiformes ,Procellariidae ,Procellariidae ,Thalassoica antarctica ,Thalassoica antarctica ,FALSE,Antarctic Petrel ,LC ,Pelagic ,small petrels ,,,
Charadriiformes ,Alcidae ,Alcidae ,Uria aalge ,Uria aalge ,FALSE,Common Murre ,LC ,Pelagic ,auks ,,,
Charadriiformes ,Alcidae ,Alcidae ,Uria lomvia ,Uria lomvia ,FALSE,Thick-billed Murre ,LC ,Pelagic ,auks ,,,
Charadriiformes ,Laridae ,Laridae ,Xema sabini ,Xema sabini ,FALSE,Sabine's Gull ,LC ,Coastal ,gulls ,,,
Charadriiformes ,Laridae ,Laridae ,phaetusa simplex,phaetusa simplex,FALSE,Large-billed tern,,,,,,